State Name_x,District,Households_Rural,Households_Rural_Dilapidated,Households_Rural_Toilet_Premise,State Name_y,Households_Urban,Households_Urban_Dilapidated,Households_Urban_Toilet_Premise
Jammu and Kashmir,Kupwara,158438.0,13150.354000000001,77476.182,Jammu and Kashmir,23226.0,1114.848,16304.652000000002
Jammu and Kashmir,Badgam,160649.0,6265.311,133820.617,Jammu and Kashmir,27190.0,706.94,24579.760000000002
Jammu and Kashmir,Leh(Ladakh),36920.0,775.32,32526.519999999997,Jammu and Kashmir,17474.0,192.21400000000003,16740.092
Jammu and Kashmir,Kargil,40370.0,1412.95,39078.159999999996,Jammu and Kashmir,7774.0,93.288,7579.65
Jammu and Kashmir,Punch,132139.0,3171.3360000000002,18103.042999999998,Jammu and Kashmir,15269.0,122.152,11497.557
Jammu and Kashmir,Rajouri,196070.0,5293.89,19999.14,Jammu and Kashmir,17508.0,297.636,14969.34
Jammu and Kashmir,Kathua,181374.0,6348.090000000001,25755.107999999997,Jammu and Kashmir,33473.0,1037.663,22460.382999999998
Jammu and Kashmir,Baramula,210543.0,11158.779,156433.449,Jammu and Kashmir,48932.0,2446.6,45262.1
Jammu and Kashmir,Bandipore,80521.0,5958.554000000001,56445.221,Jammu and Kashmir,17555.0,754.8649999999999,16554.364999999998
Jammu and Kashmir,Srinagar,4518.0,284.634,4007.466,Jammu and Kashmir,257721.0,5669.862000000001,252824.301
Jammu and Kashmir,Ganderbal,63788.0,6059.86,44332.659999999996,Jammu and Kashmir,13558.0,610.11,12378.454
Jammu and Kashmir,Pulwama,147520.0,6785.92,92495.04,Jammu and Kashmir,21703.0,651.09,19771.432999999997
Jammu and Kashmir,Shupiyan,75616.0,4461.344,44613.439999999995,Jammu and Kashmir,5272.0,173.976,4997.856
Jammu and Kashmir,Anantnag,207067.0,10560.417,105190.03600000001,Jammu and Kashmir,70666.0,2190.646,53352.83
Jammu and Kashmir,Kulgam,95952.0,4509.744,40011.984000000004,Jammu and Kashmir,25178.0,1057.476,14729.13
Jammu and Kashmir,Doda,122267.0,1956.272,29344.079999999998,Jammu and Kashmir,11350.0,329.15,10600.900000000001
Jammu and Kashmir,Ramban,84281.0,1769.901,15002.018000000002,Jammu and Kashmir,5341.0,128.184,4417.0070000000005
Jammu and Kashmir,Kishtwar,72378.0,2460.8520000000003,14475.6,Jammu and Kashmir,5993.0,41.95099999999999,5597.462
Jammu and Kashmir,Udhampur,148664.0,2973.28,11001.136000000002,Jammu and Kashmir,34696.0,624.528,26056.695999999996
Jammu and Kashmir,Reasi,95572.0,1433.58,8601.48,Jammu and Kashmir,12261.0,134.871,9661.668
Jammu and Kashmir,Jammu,254566.0,12473.734,62623.236000000004,Jammu and Kashmir,248043.0,8433.462000000001,210588.507
Jammu and Kashmir,Samba,94247.0,3110.1510000000003,24504.22,Jammu and Kashmir,19989.0,219.87900000000002,14132.223000000002
Himachal Pradesh,Chamba,186395.0,4287.085,90960.76,Himachal Pradesh,13836.0,96.85199999999999,12037.32
Himachal Pradesh,Kangra,588321.0,8236.493999999999,378878.724,Himachal Pradesh,39007.0,624.112,32102.761
,Lahul AND Spiti,17434.0,,,,0.0,,
Himachal Pradesh,Kullu,167995.0,2015.94,91053.29000000001,Himachal Pradesh,20709.0,269.21700000000004,18762.354
Himachal Pradesh,Mandi,431129.0,6898.064,353525.77999999997,Himachal Pradesh,31696.0,221.87199999999999,29160.32
Himachal Pradesh,Hamirpur,196116.0,1961.16,174739.35599999997,Himachal Pradesh,15232.0,91.392,14059.135999999999
Himachal Pradesh,Hamirpur,196116.0,1961.16,174739.35599999997,Uttar Pradesh,15232.0,243.71200000000002,10464.384
Himachal Pradesh,Hamirpur,196116.0,1961.16,174739.35599999997,Himachal Pradesh,55300.0,331.8,51041.899999999994
Himachal Pradesh,Hamirpur,196116.0,1961.16,174739.35599999997,Uttar Pradesh,55300.0,884.8000000000001,37991.100000000006
Uttar Pradesh,Hamirpur,196116.0,2941.74,49029.0,Himachal Pradesh,15232.0,91.392,14059.135999999999
Uttar Pradesh,Hamirpur,196116.0,2941.74,49029.0,Uttar Pradesh,15232.0,243.71200000000002,10464.384
Uttar Pradesh,Hamirpur,196116.0,2941.74,49029.0,Himachal Pradesh,55300.0,331.8,51041.899999999994
Uttar Pradesh,Hamirpur,196116.0,2941.74,49029.0,Uttar Pradesh,55300.0,884.8000000000001,37991.100000000006
Himachal Pradesh,Hamirpur,256081.0,2560.81,228168.17099999997,Himachal Pradesh,15232.0,91.392,14059.135999999999
Himachal Pradesh,Hamirpur,256081.0,2560.81,228168.17099999997,Uttar Pradesh,15232.0,243.71200000000002,10464.384
Himachal Pradesh,Hamirpur,256081.0,2560.81,228168.17099999997,Himachal Pradesh,55300.0,331.8,51041.899999999994
Himachal Pradesh,Hamirpur,256081.0,2560.81,228168.17099999997,Uttar Pradesh,55300.0,884.8000000000001,37991.100000000006
Uttar Pradesh,Hamirpur,256081.0,3841.2149999999997,64020.25,Himachal Pradesh,15232.0,91.392,14059.135999999999
Uttar Pradesh,Hamirpur,256081.0,3841.2149999999997,64020.25,Uttar Pradesh,15232.0,243.71200000000002,10464.384
Uttar Pradesh,Hamirpur,256081.0,3841.2149999999997,64020.25,Himachal Pradesh,55300.0,331.8,51041.899999999994
Uttar Pradesh,Hamirpur,256081.0,3841.2149999999997,64020.25,Uttar Pradesh,55300.0,884.8000000000001,37991.100000000006
Himachal Pradesh,Una,185091.0,2591.274,108833.50799999999,Himachal Pradesh,20126.0,966.048,15013.996
Himachal Pradesh,Bilaspur,152458.0,1981.9540000000002,104891.10399999999,Himachal Pradesh,11987.0,95.896,11207.845000000001
Himachal Pradesh,Bilaspur,152458.0,1981.9540000000002,104891.10399999999,Chhattisgarh,11987.0,371.597,7875.459000000001
Himachal Pradesh,Bilaspur,152458.0,1981.9540000000002,104891.10399999999,Himachal Pradesh,188174.0,1505.392,175942.69
Himachal Pradesh,Bilaspur,152458.0,1981.9540000000002,104891.10399999999,Chhattisgarh,188174.0,5833.394,123630.318
Chhattisgarh,Bilaspur,152458.0,7927.816000000001,25308.028000000002,Himachal Pradesh,11987.0,95.896,11207.845000000001
Chhattisgarh,Bilaspur,152458.0,7927.816000000001,25308.028000000002,Chhattisgarh,11987.0,371.597,7875.459000000001
Chhattisgarh,Bilaspur,152458.0,7927.816000000001,25308.028000000002,Himachal Pradesh,188174.0,1505.392,175942.69
Chhattisgarh,Bilaspur,152458.0,7927.816000000001,25308.028000000002,Chhattisgarh,188174.0,5833.394,123630.318
Himachal Pradesh,Bilaspur,549632.0,7145.216,378146.816,Himachal Pradesh,11987.0,95.896,11207.845000000001
Himachal Pradesh,Bilaspur,549632.0,7145.216,378146.816,Chhattisgarh,11987.0,371.597,7875.459000000001
Himachal Pradesh,Bilaspur,549632.0,7145.216,378146.816,Himachal Pradesh,188174.0,1505.392,175942.69
Himachal Pradesh,Bilaspur,549632.0,7145.216,378146.816,Chhattisgarh,188174.0,5833.394,123630.318
Chhattisgarh,Bilaspur,549632.0,28580.864,91238.91200000001,Himachal Pradesh,11987.0,95.896,11207.845000000001
Chhattisgarh,Bilaspur,549632.0,28580.864,91238.91200000001,Chhattisgarh,11987.0,371.597,7875.459000000001
Chhattisgarh,Bilaspur,549632.0,28580.864,91238.91200000001,Himachal Pradesh,188174.0,1505.392,175942.69
Chhattisgarh,Bilaspur,549632.0,28580.864,91238.91200000001,Chhattisgarh,188174.0,5833.394,123630.318
Himachal Pradesh,Solan,192787.0,3662.953,133023.03,Himachal Pradesh,51509.0,721.126,46255.082
Himachal Pradesh,Sirmaur,171102.0,4790.856,97357.03799999999,Himachal Pradesh,21054.0,210.54,20232.894
Himachal Pradesh,Shimla,279269.0,6423.187,167002.862,Himachal Pradesh,95896.0,1246.6480000000001,86977.672
Himachal Pradesh,Kinnaur,44514.0,445.14,30803.688000000002,,0.0,,
Punjab,Gurdaspur,420860.0,37877.4,210850.86,Punjab,185488.0,9645.376,158777.728
Punjab,Kapurthala,165433.0,10091.413,128045.142,Punjab,95770.0,3926.5699999999997,90119.56999999999
Punjab,Jalandhar,330339.0,20481.018,251057.64,Punjab,377791.0,18133.968,361923.778
Punjab,Hoshiarpur,422673.0,27473.745000000003,240923.61,Punjab,128592.0,6301.008,114318.288
Punjab,Shahid Bhagat Singh Nagar,183168.0,9891.072000000002,122356.22399999999,Punjab,48383.0,3144.895,41173.933
Punjab,Fatehgarh Sahib,117559.0,7523.776,96986.17499999999,Punjab,57337.0,2580.165,53839.44300000001
Punjab,Ludhiana,395032.0,28047.271999999997,345653.0,Punjab,641789.0,31447.661,621893.5410000001
Punjab,Moga,214295.0,15857.830000000002,183007.93000000002,Punjab,74144.0,4967.648,70214.368
Punjab,Firozpur,348522.0,37640.376000000004,232115.65199999997,Punjab,153868.0,10924.627999999999,139558.276
Punjab,Muktsar,149507.0,15997.249,108093.561,Punjab,74650.0,6793.15,67035.7
Punjab,Faridkot,99946.0,7695.842,80056.746,Punjab,58917.0,4772.277,54674.975999999995
Punjab,Bathinda,218159.0,16143.766000000001,183908.03699999998,Punjab,137563.0,7428.402000000001,128071.15299999999
Punjab,Mansa,145603.0,10483.416000000001,91584.287,Punjab,50786.0,2996.3740000000003,43168.1
Punjab,Patiala,299279.0,21248.808999999997,231342.66700000002,Punjab,218090.0,9159.78,211329.21000000002
Punjab,Amritsar,275477.0,21487.206,167490.016,Punjab,385476.0,20815.704,360034.58400000003
Punjab,Tarn Taran,222717.0,18040.077,144320.616,Punjab,44457.0,3156.4469999999997,38988.789
Punjab,Rupnagar,148162.0,8889.72,84304.178,Punjab,60537.0,3026.8500000000004,55512.429000000004
Punjab,Sahibzada Ajit Singh Nagar,117293.0,8562.389,71196.851,Punjab,174042.0,6613.596,160814.80800000002
Punjab,Sangrur,292156.0,17821.516,229634.61599999998,Punjab,156788.0,7369.036,144244.96
Punjab,Barnala,102577.0,6667.505,82266.754,Punjab,54222.0,3199.0980000000004,48908.244
Chandigarh,Chandigarh,8911.0,249.50799999999998,7841.68,Chandigarh,289456.0,10130.960000000001,253563.45599999998
Uttarakhand,Uttarkashi,112148.0,3364.44,44298.46,Uttarakhand,9061.0,72.488,8290.815
Uttarakhand,Chamoli,163434.0,4085.8500000000004,76813.98,Uttarakhand,22906.0,206.15400000000002,20042.75
Uttarakhand,Rudraprayag,112705.0,2141.395,57479.55,Uttarakhand,4454.0,13.362,4079.8639999999996
Uttarakhand,Tehri Garhwal,227059.0,6357.651999999999,113756.559,Uttarakhand,27177.0,190.23899999999998,26062.743000000002
Uttarakhand,Dehradun,228245.0,8901.555,170270.77,Uttarakhand,269393.0,6465.432,256462.13600000003
Uttarakhand,Garhwal,279682.0,5034.276000000001,135086.406,Uttarakhand,36780.0,404.58000000000004,34830.66
Uttarakhand,Pithoragarh,183687.0,4224.8009999999995,88169.76,Uttarakhand,26256.0,131.28,25337.04
Uttarakhand,Bageshwar,96031.0,2784.899,51376.58500000001,Uttarakhand,3880.0,34.92,3492.0
Uttarakhand,Almora,260056.0,4420.952,134188.896,Uttarakhand,21082.0,274.06600000000003,19374.358
Uttarakhand,Champawat,85202.0,5112.12,34421.608,Uttarakhand,12839.0,757.5010000000001,10258.361
Uttarakhand,Nainital,193086.0,9847.385999999999,134001.684,Uttarakhand,105577.0,3167.31,100086.996
Uttarakhand,Udham Singh Nagar,269406.0,18050.202,153292.014,Uttarakhand,145253.0,5810.12,133632.76
Uttarakhand,Hardwar,301828.0,15996.884,151517.656,Uttarakhand,186183.0,4096.026000000001,172405.45799999998
Haryana,Panchkula,70895.0,3473.855,31193.8,Haryana,93656.0,4401.832,82042.65599999999
Haryana,Ambala,175365.0,7540.695,89611.515,Haryana,139891.0,4616.403,124922.663
Haryana,Yamunanagar,214464.0,13725.696,98653.44,Haryana,143259.0,5730.36,131655.021
Haryana,Kurukshetra,203553.0,8752.778999999999,140655.123,Haryana,88268.0,3089.38,81559.632
Haryana,Kaithal,231091.0,11092.368,133339.507,Haryana,75696.0,3103.5359999999996,62600.592000000004
Haryana,Karnal,292682.0,14341.418,200779.85199999998,Haryana,135920.0,3533.9200000000005,124502.71999999999
Haryana,Panipat,173502.0,7287.084000000001,115725.834,Haryana,153804.0,4460.316,145959.996
Haryana,Sonipat,283858.0,13341.326000000001,159528.19600000003,Haryana,133576.0,4541.584000000001,123157.072
Haryana,Jind,278335.0,13916.75,142785.855,Haryana,89665.0,2510.62,78546.54
Haryana,Fatehabad,203020.0,11572.140000000001,148001.58000000002,Haryana,55360.0,2712.6400000000003,50322.240000000005
Haryana,Sirsa,245476.0,14483.084,214791.5,Haryana,93316.0,3825.9559999999997,89490.04400000001
Haryana,Hisar,302013.0,16610.715,188758.125,Haryana,154113.0,5085.729,137931.135
Haryana,Bhiwani,357047.0,18923.490999999998,175667.124,Haryana,99235.0,4366.34,86135.98
Haryana,Rohtak,175203.0,8234.541,102318.552,Haryana,131739.0,3556.9530000000004,121331.61899999999
Haryana,Jhajjar,211816.0,10378.984,123912.35999999999,Haryana,78328.0,3524.7599999999998,71826.776
Haryana,Mahendragarh,223726.0,6935.506,87253.14,Haryana,44216.0,1238.0479999999998,34134.752
Haryana,Rewari,199449.0,6581.817,99325.602,Haryana,69305.0,1663.32,60849.79
Haryana,Gurgaon,141703.0,4534.496,92957.16799999999,Haryana,381988.0,14897.532,350282.99600000004
Haryana,Mewat,187398.0,16865.82,33356.844000000005,Haryana,36237.0,1739.376,22648.125
Haryana,Faridabad,87700.0,3771.1,51392.2,Haryana,382981.0,9191.544,341619.052
Haryana,Palwal,186069.0,11722.347,59728.149000000005,Haryana,63090.0,2271.2400000000002,52238.52
Nct Of Delhi,North West,67592.0,3041.64,43326.471999999994,Nct Of Delhi,959275.0,31656.075,824017.2250000001
Nct Of Delhi,North,4512.0,40.608000000000004,4421.76,Nct Of Delhi,296559.0,10379.565,266606.541
Nct Of Delhi,North East,5326.0,149.128,5059.7,Nct Of Delhi,482255.0,9645.1,458624.505
Nct Of Delhi,East,1086.0,13.032,1065.366,Nct Of Delhi,461132.0,8761.508,430697.288
,New Delhi,0.0,,,Nct Of Delhi,52664.0,1948.5680000000002,41025.256
,Central,0.0,,,Nct Of Delhi,194897.0,6236.704,176966.476
Nct Of Delhi,West,1809.0,32.562000000000005,1575.639,Nct Of Delhi,699703.0,19591.683999999997,629032.997
Nct Of Delhi,South West,41179.0,1358.9070000000002,36113.983,Nct Of Delhi,606503.0,15769.078000000001,553130.736
Nct Of Delhi,South,2918.0,134.228,2643.7079999999996,Nct Of Delhi,728145.0,21116.204999999998,640767.6
Rajasthan,Ganganagar,397697.0,9942.425000000001,323327.66099999996,Rajasthan,164897.0,5441.601000000001,154343.592
Rajasthan,Hanumangarh,389059.0,9337.416000000001,320195.557,Rajasthan,108694.0,3369.514,102063.66600000001
Rajasthan,Bikaner,335754.0,16451.946,99047.43,Rajasthan,196179.0,3335.043,181661.754
Rajasthan,Churu,344897.0,20004.025999999998,162101.59,Rajasthan,148996.0,3277.9120000000003,130371.5
Rajasthan,Jhunjhunun,500452.0,12010.848,228706.564,Rajasthan,150357.0,2706.4260000000004,124044.525
Rajasthan,Alwar,782294.0,28162.584000000003,115779.51200000002,Rajasthan,212967.0,3407.472,168882.83099999998
Rajasthan,Bharatpur,,,,Rajasthan,129697.0,3112.728,90139.415
Rajasthan,Dhaulpur,214670.0,14168.220000000001,10304.16,Rajasthan,58626.0,2051.9100000000003,36817.128
Rajasthan,Karauli,305047.0,17082.631999999998,25013.853999999996,Rajasthan,59308.0,1838.548,37008.192
Rajasthan,Sawai Madhopur,282057.0,12410.508000000002,24821.016000000003,Rajasthan,71264.0,1852.8640000000003,51452.608
Rajasthan,Dausa,361084.0,19137.452,33580.812000000005,Rajasthan,59610.0,834.54,45899.700000000004
Rajasthan,Jaipur,754841.0,31703.322000000004,166065.02,Rajasthan,977838.0,11734.056,886899.066
Rajasthan,Sikar,527560.0,14771.679999999998,212079.12000000002,Rajasthan,178274.0,2852.384,150998.078
Rajasthan,Nagaur,675712.0,42569.856,179063.68000000002,Rajasthan,166489.0,3995.736,134190.134
Rajasthan,Jodhpur,584215.0,30379.180000000004,80037.45499999999,Rajasthan,307442.0,5226.514,277005.24199999997
Rajasthan,Jaisalmer,159117.0,5091.744,26572.538999999997,Rajasthan,30830.0,524.11,20501.95
Rajasthan,Barmer,542825.0,28769.725,52654.024999999994,Rajasthan,55980.0,1399.5,46351.439999999995
Rajasthan,Jalor,419216.0,35214.144,47371.408,Rajasthan,48202.0,1928.08,29837.038
Rajasthan,Sirohi,238535.0,16458.915,38642.67,Rajasthan,69639.0,1323.141,47493.798
Rajasthan,Pali,512909.0,27697.086000000003,95913.983,Rajasthan,139808.0,3495.2000000000003,96607.328
Rajasthan,Ajmer,409335.0,13917.390000000001,57716.23499999999,Rajasthan,274919.0,3024.1090000000004,236980.17799999999
Rajasthan,Tonk,298911.0,5679.309,20624.859,Rajasthan,81755.0,2043.875,53713.035
Rajasthan,Bundi,239836.0,8154.424000000001,19906.388000000003,Rajasthan,63452.0,1269.04,40736.184
Rajasthan,Bhilwara,530015.0,19080.54,55651.575,Rajasthan,145865.0,1896.2450000000001,108961.155
Rajasthan,Rajsamand,304622.0,12794.124000000002,34422.286,Rajasthan,61054.0,610.54,43592.556000000004
Rajasthan,Dungarpur,322816.0,20014.592,29376.255999999998,Rajasthan,31547.0,662.4870000000001,23376.327
Rajasthan,Banswara,390437.0,35529.767,26940.153000000002,Rajasthan,39407.0,906.361,32510.774999999998
Rajasthan,Chittaurgarh,366780.0,13204.080000000002,35210.88,Rajasthan,88873.0,1599.7140000000002,64432.924999999996
Rajasthan,Kota,203454.0,5696.7119999999995,25024.842000000004,Rajasthan,311735.0,5922.965,239412.48
Rajasthan,Baran,249184.0,7724.704,18688.8,Rajasthan,69804.0,1396.08,39997.691999999995
Rajasthan,Jhalawar,298624.0,12840.831999999999,21500.928000000004,Rajasthan,63763.0,1339.0230000000001,42657.447
Rajasthan,Udaipur,665449.0,25287.061999999998,61886.75700000001,Rajasthan,182769.0,2193.228,157546.878
Rajasthan,Pratapgarh,209813.0,5245.325000000001,13008.405999999999,Rajasthan,24269.0,339.76599999999996,17012.569
Rajasthan,Pratapgarh,209813.0,5245.325000000001,13008.405999999999,Uttar Pradesh,24269.0,728.0699999999999,15556.428999999998
Rajasthan,Pratapgarh,209813.0,5245.325000000001,13008.405999999999,Rajasthan,41701.0,583.814,29232.400999999998
Rajasthan,Pratapgarh,209813.0,5245.325000000001,13008.405999999999,Uttar Pradesh,41701.0,1251.03,26730.340999999997
Uttar Pradesh,Pratapgarh,209813.0,13218.219000000001,23708.869000000002,Rajasthan,24269.0,339.76599999999996,17012.569
Uttar Pradesh,Pratapgarh,209813.0,13218.219000000001,23708.869000000002,Uttar Pradesh,24269.0,728.0699999999999,15556.428999999998
Uttar Pradesh,Pratapgarh,209813.0,13218.219000000001,23708.869000000002,Rajasthan,41701.0,583.814,29232.400999999998
Uttar Pradesh,Pratapgarh,209813.0,13218.219000000001,23708.869000000002,Uttar Pradesh,41701.0,1251.03,26730.340999999997
Rajasthan,Pratapgarh,711085.0,17777.125,44087.27,Rajasthan,24269.0,339.76599999999996,17012.569
Rajasthan,Pratapgarh,711085.0,17777.125,44087.27,Uttar Pradesh,24269.0,728.0699999999999,15556.428999999998
Rajasthan,Pratapgarh,711085.0,17777.125,44087.27,Rajasthan,41701.0,583.814,29232.400999999998
Rajasthan,Pratapgarh,711085.0,17777.125,44087.27,Uttar Pradesh,41701.0,1251.03,26730.340999999997
Uttar Pradesh,Pratapgarh,711085.0,44798.355,80352.605,Rajasthan,24269.0,339.76599999999996,17012.569
Uttar Pradesh,Pratapgarh,711085.0,44798.355,80352.605,Uttar Pradesh,24269.0,728.0699999999999,15556.428999999998
Uttar Pradesh,Pratapgarh,711085.0,44798.355,80352.605,Rajasthan,41701.0,583.814,29232.400999999998
Uttar Pradesh,Pratapgarh,711085.0,44798.355,80352.605,Uttar Pradesh,41701.0,1251.03,26730.340999999997
Uttar Pradesh,Saharanpur,605082.0,34489.674,259580.17799999999,Uttar Pradesh,284156.0,8808.836,261423.52000000002
Uttar Pradesh,Muzaffarnagar,673746.0,30992.316,369886.55399999995,Uttar Pradesh,296104.0,9475.328,274192.304
Uttar Pradesh,Bijnor,683875.0,37613.125,344673.0,Uttar Pradesh,224648.0,7188.736,207574.752
Uttar Pradesh,Moradabad,692398.0,41543.88,330966.244,Uttar Pradesh,355518.0,11376.576000000001,332764.848
Uttar Pradesh,Rampur,396775.0,24600.05,223781.09999999998,Uttar Pradesh,143217.0,5585.463,135053.631
Uttar Pradesh,Jyotiba Phule Nagar,335888.0,19817.392,135362.864,Uttar Pradesh,115486.0,4619.4400000000005,106247.12000000001
Uttar Pradesh,Meerut,381520.0,15642.319999999998,202587.12000000002,Uttar Pradesh,422303.0,8868.363000000001,392319.487
Uttar Pradesh,Baghpat,246055.0,7873.76,144680.34,Uttar Pradesh,69991.0,2169.721,60542.215
Uttar Pradesh,Ghaziabad,355407.0,12794.652000000002,212533.386,Uttar Pradesh,836316.0,15053.688000000002,792827.568
Uttar Pradesh,Gautam Buddha Nagar,170835.0,4100.04,88321.695,Uttar Pradesh,338935.0,4406.155000000001,310125.525
Uttar Pradesh,Bulandshahr,658449.0,28313.306999999997,203460.741,Uttar Pradesh,221628.0,6205.583999999999,188383.8
Uttar Pradesh,Aligarh,582117.0,25031.031,124573.038,Uttar Pradesh,275942.0,7450.434000000001,232895.048
Uttar Pradesh,Mahamaya Nagar,288150.0,12102.300000000001,47544.75,Uttar Pradesh,84883.0,2716.256,61709.941
Uttar Pradesh,Mathura,407488.0,16299.52,79867.648,Uttar Pradesh,177802.0,4089.446,144375.22400000002
Uttar Pradesh,Agra,496971.0,21369.752999999997,82497.186,Uttar Pradesh,406852.0,7730.188,333618.63999999996
Uttar Pradesh,Firozabad,349747.0,23433.049000000003,39871.158,Uttar Pradesh,185621.0,7424.84,152394.841
Uttar Pradesh,Mainpuri,338475.0,25385.625,45694.125,Uttar Pradesh,72783.0,3202.452,54878.382
Uttar Pradesh,Budaun,710956.0,57587.436,149300.75999999998,Uttar Pradesh,156668.0,9870.084,121417.7
Uttar Pradesh,Bareilly,631613.0,48634.201,282962.62399999995,Uttar Pradesh,362798.0,14511.92,334862.554
Uttar Pradesh,Pilibhit,371752.0,34201.184,131971.96,Uttar Pradesh,89638.0,7529.592000000001,79598.544
Uttar Pradesh,Shahjahanpur,520289.0,62434.68,140478.03,Uttar Pradesh,134714.0,11046.547999999999,115719.32600000002
Uttar Pradesh,Kheri,754938.0,83798.118,138153.654,Uttar Pradesh,107672.0,9582.808,82046.064
Uttar Pradesh,Sitapur,827583.0,100137.54299999999,98482.37700000001,Uttar Pradesh,111319.0,9462.115,80149.68
Uttar Pradesh,Hardoi,786613.0,65288.879,136870.66199999998,Uttar Pradesh,121064.0,7990.224,89587.36
Uttar Pradesh,Unnao,596317.0,43531.140999999996,94218.086,Uttar Pradesh,121039.0,6172.989,86784.963
Uttar Pradesh,Lucknow,344155.0,28564.865,73993.325,Uttar Pradesh,717566.0,29420.205999999995,629305.382
Uttar Pradesh,Rae Bareli,705025.0,54991.95,94473.35,Uttar Pradesh,73393.0,3816.436,52182.422999999995
Uttar Pradesh,Farrukhabad,316647.0,27231.641999999996,75678.633,Uttar Pradesh,94843.0,4457.621,77486.731
Uttar Pradesh,Kannauj,299785.0,26381.08,65053.345,Uttar Pradesh,65985.0,3893.1150000000002,49884.659999999996
Uttar Pradesh,Etawah,265643.0,20720.154,52597.314000000006,Uttar Pradesh,85483.0,3590.286,71292.822
Uttar Pradesh,Auraiya,255836.0,23025.239999999998,52190.543999999994,Uttar Pradesh,58438.0,2337.52,43945.376
Uttar Pradesh,Kanpur Dehat,363933.0,30570.372000000003,83704.59,Uttar Pradesh,41323.0,2438.0570000000002,27397.148999999998
Uttar Pradesh,Kanpur Nagar,364869.0,25175.961000000003,86109.084,Uttar Pradesh,684906.0,32875.488,583539.912
Uttar Pradesh,Jalaun,304856.0,8840.823999999999,86274.248,Uttar Pradesh,91565.0,3204.775,69223.13999999998
Uttar Pradesh,Jhansi,309592.0,6191.84,64085.543999999994,Uttar Pradesh,195321.0,3711.0989999999997,139849.83599999998
Uttar Pradesh,Lalitpur,258013.0,6966.351000000001,30961.559999999998,Uttar Pradesh,43819.0,1139.294,27562.151
Uttar Pradesh,Mahoba,198298.0,3371.0660000000003,35297.044,Uttar Pradesh,48525.0,776.4,26543.175000000003
Uttar Pradesh,Banda,378056.0,4158.616,75611.2,Uttar Pradesh,67569.0,1148.673,49663.215
Uttar Pradesh,Chitrakoot,207237.0,3730.2660000000005,24453.966,Uttar Pradesh,23558.0,636.066,13828.546000000002
Uttar Pradesh,Fatehpur,558807.0,31851.999,102261.681,Uttar Pradesh,77733.0,3342.519,56045.492999999995
Uttar Pradesh,Kaushambi,349856.0,15393.664,48280.128000000004,Uttar Pradesh,30764.0,1353.6160000000002,15812.696
Uttar Pradesh,Allahabad,983266.0,45230.236,153389.496,Uttar Pradesh,265304.0,7693.816,222855.36
Uttar Pradesh,Bara Banki,635840.0,75664.96,83930.88,Uttar Pradesh,79068.0,6957.984,53608.10399999999
Uttar Pradesh,Faizabad,510378.0,47465.15400000001,74004.81,Uttar Pradesh,79288.0,3885.112,60417.456
Uttar Pradesh,Ambedkar Nagar,501559.0,49654.341,69716.701,Uttar Pradesh,65031.0,6373.0380000000005,35376.864
Uttar Pradesh,Sultanpur,839737.0,72217.382,110005.547,Uttar Pradesh,49891.0,2195.204,36370.539000000004
Uttar Pradesh,Bahraich,698520.0,60072.719999999994,73344.59999999999,Uttar Pradesh,61742.0,3519.2940000000003,49084.89
Uttar Pradesh,Shrawasti,248770.0,16916.36,25872.08,Uttar Pradesh,8504.0,850.4000000000001,5357.52
Uttar Pradesh,Balrampur,410070.0,27474.690000000002,41827.14,Uttar Pradesh,35768.0,1466.4879999999998,25717.192000000003
Uttar Pradesh,Gonda,673578.0,76114.314,53212.662000000004,Uttar Pradesh,52794.0,2322.936,40704.17399999999
Uttar Pradesh,Siddharthnagar,480165.0,31690.890000000003,49937.16,Uttar Pradesh,33348.0,1734.0960000000002,15640.212
Uttar Pradesh,Basti,513960.0,51396.0,67328.76000000001,Uttar Pradesh,31065.0,2112.42,22397.864999999998
Uttar Pradesh,Sant Kabir Nagar,324972.0,33147.144,39971.556000000004,Uttar Pradesh,27179.0,1739.4560000000001,13507.963000000002
Uttar Pradesh,Mahrajganj,573046.0,50428.048,95698.68199999999,Uttar Pradesh,34033.0,1973.9139999999998,19875.271999999997
Uttar Pradesh,Gorakhpur,761958.0,67814.262,141724.18800000002,Uttar Pradesh,189170.0,6999.290000000001,152092.68000000002
Uttar Pradesh,Kushinagar,742324.0,63097.54000000001,109863.95200000002,Uttar Pradesh,42775.0,4020.85,26648.825
Uttar Pradesh,Deoria,597778.0,50811.130000000005,99828.92599999999,Uttar Pradesh,67928.0,4483.2480000000005,42387.072
Uttar Pradesh,Azamgarh,891024.0,80192.16,149692.032,Uttar Pradesh,80434.0,3860.832,51960.363999999994
Uttar Pradesh,Mau,352207.0,35572.907,61988.43200000001,Uttar Pradesh,99321.0,6753.828,63068.835
Uttar Pradesh,Ballia,564927.0,72310.656,125413.794,Uttar Pradesh,64454.0,5994.222000000001,39316.94
Uttar Pradesh,Jaunpur,926088.0,66678.33600000001,142617.552,Uttar Pradesh,80582.0,3545.608,57857.876
Uttar Pradesh,Ghazipur,700173.0,72817.99200000001,130232.17800000001,Uttar Pradesh,61467.0,4487.090999999999,40260.885
Uttar Pradesh,Chandauli,344937.0,23455.716,64848.156,Uttar Pradesh,50822.0,2337.812,35168.824
Uttar Pradesh,Varanasi,438935.0,29408.645,118951.38500000001,Uttar Pradesh,316129.0,11064.515000000001,281354.81
Uttar Pradesh,Sant Ravidas Nagar (Bhadohi),293510.0,18197.62,36982.26,Uttar Pradesh,45997.0,2621.829,25574.332000000002
Uttar Pradesh,Mirzapur,465152.0,22327.296000000002,89309.18400000001,Uttar Pradesh,77963.0,2728.7050000000004,53404.655000000006
Uttar Pradesh,Sonbhadra,337048.0,6066.8640000000005,46175.575999999994,Uttar Pradesh,91040.0,4278.88,64365.280000000006
Uttar Pradesh,Etah,334246.0,23397.22,30750.631999999998,Uttar Pradesh,67752.0,2100.312,53049.81599999999
Uttar Pradesh,Kanshiram Nagar,271234.0,24139.826,30378.207999999995,Uttar Pradesh,72490.0,3189.5600000000004,55744.81
Bihar,Pashchim Champaran,839514.0,41136.186,96544.11,Bihar,96620.0,7149.880000000001,52078.18
Bihar,Purba Champaran,1142260.0,63966.55999999999,177050.3,Bihar,101565.0,5789.205,54845.100000000006
Bihar,Sheohar,158484.0,5388.456,31379.832000000002,Bihar,7516.0,601.28,2773.404
Bihar,Sitamarhi,807294.0,50052.228,150963.978,Bihar,49670.0,3228.55,30050.35
Bihar,Madhubani,1047552.0,49234.944,181226.496,Bihar,41234.0,2927.6139999999996,22884.870000000003
Bihar,Supaul,572287.0,28042.063000000002,52078.117,Bihar,27815.0,2169.57,13017.42
Bihar,Araria,659061.0,24385.257000000005,44157.087,Bihar,44213.0,2829.632,24007.658999999996
Bihar,Kishanganj,401793.0,14062.755000000001,24911.166,Bihar,43357.0,3425.203,22502.283
Bihar,Purnia,712847.0,36355.197,61304.842,Bihar,85749.0,8317.652999999998,50677.659
Bihar,Katihar,668232.0,33411.6,84865.464,Bihar,69838.0,4958.498,47839.030000000006
Bihar,Madhepura,486278.0,30149.236,54949.414000000004,Bihar,24000.0,2088.0,12312.0
Bihar,Saharsa,432651.0,28554.966,54081.375,Bihar,38046.0,2815.4040000000005,25719.095999999998
Bihar,Darbhanga,907174.0,73481.094,189599.36599999998,Bihar,95539.0,8598.51,64011.130000000005
Bihar,Muzaffarpur,998694.0,83890.296,218713.98599999998,Bihar,120700.0,8207.6,93059.69999999998
Bihar,Gopalganj,515925.0,41274.0,93382.42500000002,Bihar,38133.0,2326.113,19371.564
Bihar,Siwan,632514.0,51866.147999999994,127767.828,Bihar,41858.0,2553.3379999999997,29886.612000000005
Bihar,Saran,701323.0,61015.100999999995,124835.49400000002,Bihar,76299.0,6027.621,45016.409999999996
Bihar,Vaishali,699317.0,86015.99100000001,174829.25,Bihar,51494.0,5458.364,31926.28
Bihar,Samastipur,1012979.0,98258.96299999999,172206.43000000002,Bihar,43486.0,2826.59,30527.172000000002
Bihar,Begusarai,594377.0,68947.73199999999,151566.135,Bihar,139248.0,13646.304,80346.096
Bihar,Khagaria,373696.0,33258.944,81092.032,Bihar,21007.0,1512.5040000000001,13927.640999999998
Bihar,Bhagalpur,522527.0,45982.376000000004,131154.277,Bihar,130634.0,10058.818,93664.57800000001
Bihar,Banka,425604.0,28941.072000000004,47242.044,Bihar,18492.0,943.092,8284.416
Bihar,Munger,222281.0,17560.199,58015.341,Bihar,85782.0,5747.394,63650.244
Bihar,Lakhisarai,175882.0,13542.914,47136.376000000004,Bihar,31763.0,2668.092,19566.007999999998
Bihar,Sheikhpura,108293.0,10179.542,26315.199,Bihar,24345.0,1801.5300000000002,12708.09
Bihar,Nalanda,514141.0,48843.395000000004,117224.148,Bihar,102522.0,7279.061999999999,75456.192
Bihar,Patna,657991.0,59877.181,181605.516,Bihar,552103.0,28709.356000000003,477569.095
Bihar,Bhojpur,434559.0,37806.632999999994,89084.595,Bihar,77368.0,6344.1759999999995,53074.448
Bihar,Buxar,299252.0,31421.46,59850.4,Bihar,35405.0,3115.6400000000003,23792.16
Bihar,Kaimur (Bhabua),325143.0,21134.295000000002,47145.73499999999,Bihar,15299.0,703.754,10739.898000000001
Bihar,Rohtas,512383.0,32792.512,108112.81300000001,Bihar,95678.0,5645.002,65443.75200000001
Bihar,Aurangabad,428291.0,28267.206000000002,73666.052,Bihar,49006.0,2646.3240000000005,33324.08
Bihar,Aurangabad,428291.0,28267.206000000002,73666.052,Maharashtra,49006.0,686.084,42831.244000000006
Bihar,Aurangabad,428291.0,28267.206000000002,73666.052,Bihar,427343.0,23076.522000000004,290593.24000000005
Bihar,Aurangabad,428291.0,28267.206000000002,73666.052,Maharashtra,427343.0,5982.802,373497.78200000006
Maharashtra,Aurangabad,428291.0,34263.28,84801.618,Bihar,49006.0,2646.3240000000005,33324.08
Maharashtra,Aurangabad,428291.0,34263.28,84801.618,Maharashtra,49006.0,686.084,42831.244000000006
Maharashtra,Aurangabad,428291.0,34263.28,84801.618,Bihar,427343.0,23076.522000000004,290593.24000000005
Maharashtra,Aurangabad,428291.0,34263.28,84801.618,Maharashtra,427343.0,5982.802,373497.78200000006
Bihar,Aurangabad,551789.0,36418.074,94907.708,Bihar,49006.0,2646.3240000000005,33324.08
Bihar,Aurangabad,551789.0,36418.074,94907.708,Maharashtra,49006.0,686.084,42831.244000000006
Bihar,Aurangabad,551789.0,36418.074,94907.708,Bihar,427343.0,23076.522000000004,290593.24000000005
Bihar,Aurangabad,551789.0,36418.074,94907.708,Maharashtra,427343.0,5982.802,373497.78200000006
Maharashtra,Aurangabad,551789.0,44143.12,109254.22200000001,Bihar,49006.0,2646.3240000000005,33324.08
Maharashtra,Aurangabad,551789.0,44143.12,109254.22200000001,Maharashtra,49006.0,686.084,42831.244000000006
Maharashtra,Aurangabad,551789.0,44143.12,109254.22200000001,Bihar,427343.0,23076.522000000004,290593.24000000005
Maharashtra,Aurangabad,551789.0,44143.12,109254.22200000001,Maharashtra,427343.0,5982.802,373497.78200000006
Bihar,Gaya,696289.0,55006.831,114887.68500000001,Bihar,111282.0,5230.254,86577.39600000001
Bihar,Nawada,379551.0,39093.753000000004,65662.323,Bihar,45323.0,2900.672,31408.838999999996
Bihar,Jamui,325909.0,26072.72,38783.171,Bihar,30851.0,2622.335,15086.139
Bihar,Jehanabad,186660.0,16986.06,41625.18,Bihar,28132.0,1941.1080000000002,19045.364
Bihar,Arwal,134334.0,10478.052,30225.15,Bihar,9960.0,607.56,3884.4
Sikkim,North  District,11543.0,427.09100000000007,8657.25,Sikkim,2066.0,37.188,2010.2179999999998
Sikkim,West District,32091.0,2535.189,26988.531,Sikkim,1886.0,124.476,1684.198
Sikkim,South District,31135.0,1836.9650000000001,26433.615,Sikkim,8163.0,73.46700000000001,7991.577000000001
Sikkim,East District,40626.0,3046.95,34857.108,Sikkim,41512.0,705.7040000000001,39394.888000000006
Arunachal Pradesh,Tawang,10730.0,439.92999999999995,7446.620000000001,Arunachal Pradesh,2452.0,14.712,2390.7
Arunachal Pradesh,West Kameng,17889.0,447.225,6958.821,Arunachal Pradesh,,,
Arunachal Pradesh,East Kameng,14503.0,377.07800000000003,3190.66,Arunachal Pradesh,5215.0,130.375,3337.6
Arunachal Pradesh,Papum Pare,20308.0,812.32,11128.783999999998,Arunachal Pradesh,30180.0,1056.3000000000002,27675.06
Arunachal Pradesh,Upper Subansiri,14542.0,363.55,5002.447999999999,Arunachal Pradesh,4672.0,56.064,3975.872
Arunachal Pradesh,West Siang,22272.0,178.17600000000002,15835.392,Arunachal Pradesh,8503.0,178.56300000000002,8128.8679999999995
Arunachal Pradesh,East Siang,19497.0,292.455,9241.578,Arunachal Pradesh,9524.0,409.532,8638.268
Arunachal Pradesh,Upper Siang,8569.0,34.276,4824.347,Arunachal Pradesh,2182.0,24.002000000000002,1749.9640000000002
Arunachal Pradesh,Changlang,33422.0,568.1740000000001,21824.566000000003,Arunachal Pradesh,6498.0,51.984,5932.673999999999
Arunachal Pradesh,Tirap,18420.0,184.20000000000002,15767.52,Arunachal Pradesh,6500.0,97.5,5973.5
Arunachal Pradesh,Lower Subansiri,18112.0,271.68,12334.271999999999,Arunachal Pradesh,5365.0,37.55499999999999,5284.525
Arunachal Pradesh,Kurung Kumey,18603.0,2325.375,4371.705,Arunachal Pradesh,1092.0,55.69199999999999,880.1519999999999
Arunachal Pradesh,Dibang Valley,2055.0,147.96,1329.585,Arunachal Pradesh,1175.0,65.8,965.85
Arunachal Pradesh,Lower Dibang Valley,12000.0,384.0,5760.0,Arunachal Pradesh,3950.0,146.15000000000003,3499.7
Arunachal Pradesh,Lohit,33599.0,2015.9399999999998,16631.505,Arunachal Pradesh,11372.0,409.39200000000005,10143.824
Arunachal Pradesh,Anjaw,6025.0,361.5,1668.9249999999997,Arunachal Pradesh,428.0,0.0,274.776
Nagaland,Mon,43607.0,610.4979999999999,27341.589,Nagaland,7415.0,415.23999999999995,6984.93
Nagaland,Mokokchung,37536.0,187.68,36147.168,Nagaland,17742.0,124.19399999999999,17475.87
Nagaland,Zunheboto,31267.0,531.539,22418.439000000002,Nagaland,6044.0,12.088000000000001,5705.536
Nagaland,Wokha,38499.0,384.99,22906.905,Nagaland,8170.0,16.34,7900.39
Nagaland,Dimapur,49116.0,1571.712,44990.255999999994,Nagaland,62853.0,1319.913,60841.704
Nagaland,Phek,38903.0,933.672,29332.862,Nagaland,7295.0,29.18,6828.12
Nagaland,Tuensang,40690.0,1383.46,20263.62,Nagaland,9451.0,292.981,8392.488
Nagaland,Longleng,12686.0,279.09200000000004,8753.34,Nagaland,2451.0,137.25599999999997,1855.407
Nagaland,Kiphire,16032.0,160.32,5867.7119999999995,Nagaland,4290.0,17.16,4088.37
Nagaland,Kohima,31845.0,191.07,16623.09,Nagaland,44255.0,840.845,40714.6
Nagaland,Peren,20204.0,181.836,15577.283999999998,Nagaland,4073.0,85.533,3783.817
Manipur,Senapati,38008.0,836.176,27555.8,Manipur,1826.0,32.868,1782.176
Manipur,Tamenglong,23982.0,2014.488,15924.048,Manipur,4119.0,428.37600000000003,3983.0730000000003
Manipur,Churachandpur,52972.0,1218.356,43595.956,Manipur,4853.0,111.619,4794.764
Manipur,Bishnupur,34977.0,2063.643,31864.047,Manipur,21172.0,868.0519999999999,19986.368000000002
Manipur,Thoubal,65961.0,3627.855,60486.237,Manipur,38302.0,1991.7040000000002,36042.182
Manipur,Imphal West,51055.0,2705.915,46970.6,Manipur,85746.0,3772.8240000000005,82916.38200000001
Manipur,Imphal East,64421.0,2963.366,58558.689,Manipur,46520.0,1488.64,44426.6
Manipur,Ukhrul,36084.0,1876.3680000000002,29011.536,Manipur,5806.0,243.852,5579.566
Manipur,Chandel,30377.0,1245.4569999999999,23420.666999999998,Manipur,3783.0,590.148,3665.7270000000003
Mizoram,Mamit,16726.0,986.8340000000001,13899.305999999999,Mizoram,4129.0,41.29,4075.323
Mizoram,Kolasib,9669.0,212.71800000000002,9253.233,Mizoram,12507.0,300.168,12081.761999999999
Mizoram,Aizawl,20570.0,349.69,20035.18,Mizoram,80341.0,562.387,79778.613
Mizoram,Champhai,18395.0,882.96,17456.855,Mizoram,12717.0,190.755,12386.358000000002
Mizoram,Serchhip,7472.0,463.264,7203.008000000001,Mizoram,8018.0,769.7280000000001,7969.892000000001
Mizoram,Lunglei,21479.0,837.681,17290.595,Mizoram,17315.0,138.52,16830.18
Mizoram,Lawngtlai,21993.0,1143.6360000000002,13305.765,Mizoram,5273.0,84.368,5183.3589999999995
Mizoram,Saiha,7043.0,366.23600000000005,6127.41,Mizoram,5784.0,133.032,5645.184
Tripura,West Tripura,289621.0,11584.84,246757.092,Tripura,217016.0,7812.576000000001,212892.696
Tripura,South Tripura,219171.0,9862.695,181035.24599999998,Tripura,44906.0,1616.6160000000002,44007.88
Tripura,Dhalai,89457.0,6440.904,59399.448000000004,Tripura,14071.0,1266.3899999999999,13564.444000000001
Tripura,North Tripura,150437.0,12486.271,122606.155,Tripura,42184.0,2995.064,40918.479999999996
Meghalaya,West Garo Hills,139351.0,7664.305,78454.613,Meghalaya,18594.0,1171.422,17459.766
Meghalaya,East Garo Hills,62698.0,2257.128,49719.513999999996,Meghalaya,11518.0,138.216,11137.906
Meghalaya,South Garo Hills,35930.0,1437.2,22779.62,Meghalaya,3713.0,100.251,3245.1620000000003
Meghalaya,West Khasi Hills,74832.0,6884.544,30531.456,Meghalaya,12299.0,565.754,11130.595000000001
Meghalaya,Ribhoi,57988.0,3421.2920000000004,37170.308,Meghalaya,5736.0,177.816,5242.704000000001
Meghalaya,East Khasi Hills,106248.0,9881.064000000002,47067.863999999994,Meghalaya,108843.0,2285.703,105468.86700000001
Meghalaya,Jaintia Hills,76546.0,6429.8640000000005,33374.056,Meghalaya,7171.0,150.591,6891.331
Assam,Kokrajhar,204896.0,26636.48,51019.104,Assam,17115.0,804.405,15420.614999999998
Assam,Dhubri,460602.0,81065.952,179634.78,Assam,60417.0,7370.874,48394.01699999999
Assam,Goalpara,228610.0,28804.86,141966.81,Assam,39504.0,3160.32,33578.4
Assam,Barpeta,447189.0,84071.532,312137.92199999996,Assam,52192.0,3862.2080000000005,48434.176
Assam,Morigaon,232206.0,34366.488000000005,132821.83200000002,Assam,25275.0,2325.3,22823.325
Assam,Nagaon,674999.0,93149.86200000001,485999.27999999997,Assam,124186.0,7326.974,118225.07200000001
Assam,Sonitpur,483325.0,49299.149999999994,265828.75,Assam,64528.0,2903.7599999999998,61301.6
Assam,Lakhimpur,293239.0,28444.182999999997,157469.34300000002,Assam,34694.0,1908.17,32855.218
Assam,Dhemaji,211758.0,21175.800000000003,85338.47399999999,Assam,16504.0,1188.2880000000002,15777.823999999999
Assam,Tinsukia,290704.0,14535.2,224714.192,Assam,90910.0,4545.5,85909.95
Assam,Dibrugarh,299852.0,17091.564000000002,222490.184,Assam,77163.0,3163.6829999999995,74385.13200000001
Assam,Sivasagar,360182.0,21971.102,258970.85800000004,Assam,45047.0,1756.833,41983.804000000004
Assam,Jorhat,286330.0,23192.73,168648.37,Assam,80824.0,3232.96,76136.208
Assam,Golaghat,292893.0,23138.547,190673.34299999996,Assam,34190.0,1435.98,33403.63
Assam,Karbi Anglong,215691.0,9274.713,104610.135,Assam,37185.0,1338.66,35139.825
Assam,Dima Hasao,37610.0,1692.45,21475.31,Assam,21309.0,703.197,20584.494
Assam,Cachar,346227.0,42239.693999999996,268672.15199999994,Assam,88933.0,5424.913,85197.814
Assam,Karimganj,261945.0,39029.805,219247.96500000003,Assam,32695.0,2844.4649999999997,31844.930000000004
Assam,Hailakandi,159215.0,26748.120000000003,130397.085,Assam,16202.0,1231.3519999999999,15894.162
Assam,Bongaigaon,181923.0,22740.375,89506.11600000001,Assam,38470.0,1654.2099999999998,35238.52
Assam,Chirang,129018.0,14062.962,30964.32,Assam,11613.0,1718.7240000000002,9859.437000000002
Assam,Kamrup,390596.0,48043.308000000005,222639.71999999997,Assam,43849.0,3727.1650000000004,34509.163
Assam,Kamrup Metropolitan,61334.0,6194.7339999999995,39683.098,Assam,366858.0,14307.462,355852.26
Assam,Nalbari,210706.0,20017.07,134219.722,Assam,28238.0,2400.23,25442.438
Assam,Baksa,291641.0,32663.791999999998,112865.06700000001,Assam,3580.0,268.5,3368.7799999999997
Assam,Darrang,268517.0,47796.026000000005,127814.092,Assam,20189.0,1736.254,18533.501999999997
Assam,Udalguri,267790.0,28653.53,111132.84999999999,Assam,13835.0,996.1200000000001,12423.83
West Bengal,Darjiling,303284.0,24262.72,158617.532,West Bengal,215675.0,11430.775,187637.25
West Bengal,Jalpaiguri,798378.0,127740.48,296198.238,West Bengal,319426.0,33539.729999999996,262887.598
West Bengal,Koch Bihar,803407.0,101229.282,447497.699,West Bengal,97331.0,7689.149,87889.893
West Bengal,Uttar Dinajpur,683981.0,84813.644,140900.086,West Bengal,94269.0,13763.274,75980.814
West Bengal,Dakshin Dinajpur,390949.0,46522.931000000004,107510.975,West Bengal,70077.0,6517.161000000001,64190.53199999999
West Bengal,Maldah,830318.0,93825.93400000001,210900.772,West Bengal,128678.0,10680.274000000001,95607.754
West Bengal,Murshidabad,1501066.0,255181.22000000003,520869.90200000006,West Bengal,350899.0,40704.284,216855.582
West Bengal,Birbhum,831044.0,129642.864,155405.228,West Bengal,134565.0,12514.545000000002,82892.04
West Bengal,Barddhaman,1364868.0,128297.592,629204.148,West Bengal,862368.0,54329.184,616593.12
West Bengal,Nadia,1081381.0,168695.436,771024.6529999999,West Bengal,468390.0,49649.34,437007.87
West Bengal,North Twenty Four Parganas,1209337.0,238239.38899999997,954166.893,West Bengal,1649803.0,89089.36200000001,1550814.8199999998
West Bengal,Hugli,992085.0,116073.94499999999,596243.085,West Bengal,647953.0,34341.509,575382.264
West Bengal,Bankura,900515.0,105360.25499999999,148584.975,West Bengal,90885.0,8088.765000000001,54894.54
West Bengal,Puruliya,653219.0,48338.206000000006,39846.359,West Bengal,99433.0,6662.011,50611.397
West Bengal,Haora,483384.0,67190.376,290997.168,West Bengal,869313.0,56505.345,725876.355
,Kolkata,0.0,,,West Bengal,1308106.0,35318.862,1241392.594
West Bengal,South Twenty Four Parganas,1568802.0,254145.924,862841.1000000001,West Bengal,611430.0,49525.83,508098.32999999996
West Bengal,Paschim Medinipur,1364335.0,180092.22,571656.365,West Bengal,201048.0,16686.984,155209.056
West Bengal,Purba Medinipur,1193006.0,215934.08600000004,1021213.1359999999,West Bengal,170707.0,17241.407,141345.39599999998
Jharkhand,Garhwa,272872.0,12552.112,13370.728000000001,Jharkhand,19180.0,1304.24,8880.34
Jharkhand,Chatra,200974.0,9043.83,13264.284000000001,Jharkhand,14528.0,595.6479999999999,9544.896
Jharkhand,Kodarma,116714.0,4901.988,8870.264,Jharkhand,34771.0,1877.6340000000002,17489.813
Jharkhand,Giridih,452564.0,14029.484,26248.712,Jharkhand,46886.0,1594.124,28741.118
Jharkhand,Deoghar,257373.0,13126.023,14155.515,Jharkhand,64337.0,2702.154,43942.170999999995
Jharkhand,Godda,276454.0,25433.768,21839.866,Jharkhand,15576.0,654.192,10108.824
Jharkhand,Sahibganj,223450.0,16311.849999999999,20557.4,Jharkhand,37543.0,2928.354,20385.849
Jharkhand,Pakur,200588.0,14241.748,14642.923999999999,Jharkhand,16587.0,945.4590000000001,7712.955000000001
Jharkhand,Dhanbad,258764.0,12161.908,31569.208,Jharkhand,405455.0,15812.745,240434.815
Jharkhand,Bokaro,250312.0,10262.792,16520.592,Jharkhand,258452.0,8270.464,162049.404
Jharkhand,Lohardaga,96759.0,2709.2519999999995,7063.406999999999,Jharkhand,14725.0,647.9000000000001,10381.125
Jharkhand,Purbi Singhbhum,262537.0,15227.145999999999,35705.032,Jharkhand,342126.0,7868.898,276095.68200000003
Jharkhand,Palamu,355529.0,22398.327,26309.146000000004,Jharkhand,52375.0,2828.2500000000005,30534.624999999996
Jharkhand,Latehar,146377.0,3220.2940000000003,10539.144000000002,Jharkhand,14137.0,706.85,7888.445999999999
Jharkhand,Hazaribagh,312983.0,10328.439,29107.419000000005,Jharkhand,68765.0,2062.95,50542.275
Jharkhand,Ramgarh,134067.0,5094.546,14747.37,Jharkhand,118558.0,4268.088000000001,71134.8
Jharkhand,Dumka,303697.0,18221.82,18829.214,Jharkhand,23281.0,1164.05,14946.402
Jharkhand,Jamtara,165555.0,8112.195000000001,7284.420000000001,Jharkhand,20113.0,663.729,12087.913
Jharkhand,Ranchi,420740.0,12622.199999999999,55537.68,Jharkhand,310242.0,12719.921999999999,245401.422
Jharkhand,Khunti,,,,Jharkhand,,,
Jharkhand,Gumla,216629.0,6282.241,13864.256,Jharkhand,16445.0,822.25,11264.825
Jharkhand,Simdega,144169.0,4180.901,7064.281,Jharkhand,11114.0,444.56,5934.876
Jharkhand,Pashchimi Singhbhum,336928.0,13477.12,12466.336000000001,Jharkhand,63396.0,2852.8199999999997,37340.244
Jharkhand,Saraikela-Kharsawan,217248.0,7820.928000000001,13903.872,Jharkhand,68439.0,2326.9260000000004,44143.155
Odisha,Bargarh,411566.0,34983.11,50622.618,Odisha,47395.0,2227.565,25688.09
Odisha,Jharsuguda,103224.0,6090.216,9703.056,Odisha,73962.0,4141.871999999999,39643.632000000005
Odisha,Sambalpur,220697.0,17214.365999999998,18979.942,Odisha,94798.0,4929.496,56404.81
Odisha,Debagarh,91408.0,12248.672,5393.072,Odisha,7350.0,404.25,3770.55
Odisha,Sundargarh,387911.0,22498.838,32584.524,Odisha,230151.0,10126.644,150748.905
Odisha,Kendujhar,490634.0,42194.524,45628.96200000001,Odisha,83664.0,6442.128,42501.312
Odisha,Mayurbhanj,689110.0,59263.45999999999,103366.5,Odisha,64479.0,5222.799,41266.56
Odisha,Baleshwar,601154.0,69733.864,136461.95799999998,Odisha,82440.0,5935.68,56059.200000000004
Odisha,Bhadrak,373862.0,33273.718,59817.92,Odisha,54244.0,4014.0560000000005,28098.392
Odisha,Kendrapara,414749.0,31106.175,65530.342000000004,Odisha,23494.0,2067.472,13579.532
Odisha,Jagatsinghapur,309685.0,21987.635,68440.385,Odisha,43047.0,1592.7390000000003,19285.055999999997
Odisha,Cuttack,579529.0,58532.429,129814.49599999998,Odisha,210768.0,13489.152,164399.04
Odisha,Jajapur,495611.0,72359.20599999999,98626.58899999999,Odisha,45528.0,3186.9600000000005,27863.136
Odisha,Dhenkanal,315390.0,36269.85,44785.38,Odisha,36979.0,2810.404,22113.442
Odisha,Anugul,340410.0,40849.2,56848.469999999994,Odisha,74177.0,4895.682,47473.28
Odisha,Nayagarh,261646.0,31920.811999999998,41601.714,Odisha,26688.0,2028.288,14891.903999999999
Odisha,Khordha,331834.0,28205.890000000003,60725.621999999996,Odisha,356895.0,18201.645,273381.56999999995
Odisha,Puri,402014.0,45025.56799999999,62714.184,Odisha,72210.0,4188.179999999999,52929.93
Odisha,Ganjam,795476.0,75570.22,151935.916,Odisha,219918.0,11435.736,143606.454
Odisha,Gajapati,152095.0,8973.605000000001,19316.065,Odisha,23050.0,1152.5,13069.350000000002
Odisha,Kandhamal,218446.0,14417.436000000002,13762.098,Odisha,24489.0,1567.296,13836.284999999998
Odisha,Baudh,131377.0,6174.719,11823.93,Odisha,6577.0,355.158,3374.001
Odisha,Subarnapur,176927.0,12738.744,13977.233,Odisha,16575.0,961.3499999999999,6464.25
Odisha,Balangir,476770.0,33373.9,48153.77,Odisha,62192.0,4229.0560000000005,36133.551999999996
Odisha,Nuapada,197258.0,9468.384,25051.766,Odisha,11869.0,771.485,5744.596
Odisha,Kalahandi,456336.0,42895.584,37419.551999999996,Odisha,38412.0,2650.4280000000003,22586.255999999998
Odisha,Rayagada,237343.0,13528.551000000001,15664.638,Odisha,49205.0,2115.815,29769.024999999998
Odisha,Nabarangapur,342840.0,15084.960000000001,19884.719999999998,Odisha,29424.0,1441.776,15712.416000000001
Odisha,Koraput,381789.0,20234.817,31306.697999999997,Odisha,78339.0,4386.9839999999995,50842.011
Odisha,Malkangiri,167884.0,12423.416000000001,10073.039999999999,Odisha,15839.0,1330.476,7555.203
Chhattisgarh,Koriya,121852.0,2680.744,10357.42,Chhattisgarh,59763.0,776.9190000000001,35439.458999999995
Chhattisgarh,Surguja,,,,Chhattisgarh,65167.0,1042.672,39947.371
Chhattisgarh,Jashpur,,,,Chhattisgarh,20722.0,248.66400000000002,8744.684000000001
Chhattisgarh,Raigarh,354278.0,17005.344,46056.14,Chhattisgarh,66638.0,1999.1399999999999,38183.574
Chhattisgarh,Raigarh,354278.0,17005.344,46056.14,Maharashtra,66638.0,733.018,53976.780000000006
Chhattisgarh,Raigarh,354278.0,17005.344,46056.14,Chhattisgarh,377160.0,11314.8,216112.68
Chhattisgarh,Raigarh,354278.0,17005.344,46056.14,Maharashtra,377160.0,4148.76,305499.60000000003
Maharashtra,Raigarh,354278.0,12754.008000000002,180327.502,Chhattisgarh,66638.0,1999.1399999999999,38183.574
Maharashtra,Raigarh,354278.0,12754.008000000002,180327.502,Maharashtra,66638.0,733.018,53976.780000000006
Maharashtra,Raigarh,354278.0,12754.008000000002,180327.502,Chhattisgarh,377160.0,11314.8,216112.68
Maharashtra,Raigarh,354278.0,12754.008000000002,180327.502,Maharashtra,377160.0,4148.76,305499.60000000003
Chhattisgarh,Raigarh,581868.0,27929.664,75642.84,Chhattisgarh,66638.0,1999.1399999999999,38183.574
Chhattisgarh,Raigarh,581868.0,27929.664,75642.84,Maharashtra,66638.0,733.018,53976.780000000006
Chhattisgarh,Raigarh,581868.0,27929.664,75642.84,Chhattisgarh,377160.0,11314.8,216112.68
Chhattisgarh,Raigarh,581868.0,27929.664,75642.84,Maharashtra,377160.0,4148.76,305499.60000000003
Maharashtra,Raigarh,581868.0,20947.248000000003,296170.812,Chhattisgarh,66638.0,1999.1399999999999,38183.574
Maharashtra,Raigarh,581868.0,20947.248000000003,296170.812,Maharashtra,66638.0,733.018,53976.780000000006
Maharashtra,Raigarh,581868.0,20947.248000000003,296170.812,Chhattisgarh,377160.0,11314.8,216112.68
Maharashtra,Raigarh,581868.0,20947.248000000003,296170.812,Maharashtra,377160.0,4148.76,305499.60000000003
Chhattisgarh,Korba,206598.0,6611.136,24585.162,Chhattisgarh,126055.0,2016.88,73868.23
Chhattisgarh,Janjgir - Champa,379583.0,21256.647999999997,41754.13,Chhattisgarh,61190.0,2325.22,27168.36
Chhattisgarh,Kabeerdham,187311.0,11613.282,16857.989999999998,Chhattisgarh,23868.0,1217.268,11814.66
Chhattisgarh,Rajnandgaon,313604.0,10662.536,58016.74,Chhattisgarh,76528.0,1913.2,40712.896
Chhattisgarh,Durg,533448.0,26672.4,74682.72,Chhattisgarh,349741.0,7694.302000000001,218937.866
Chhattisgarh,Raipur,673499.0,39736.441000000006,86881.371,Chhattisgarh,395001.0,11455.028999999999,256750.65000000002
Chhattisgarh,Mahasamund,274793.0,12640.478,41768.536,Chhattisgarh,35774.0,1466.734,17922.774
Chhattisgarh,Dhamtari,168689.0,7084.938,40822.738,Chhattisgarh,41792.0,1462.72,22400.512000000002
Chhattisgarh,Uttar Bastar Kanker,169191.0,5075.73,25040.268000000004,Chhattisgarh,24878.0,796.096,15150.702
Chhattisgarh,Bastar,316425.0,10758.45,43983.075000000004,Chhattisgarh,54894.0,1591.926,33485.34
Chhattisgarh,Narayanpur,26916.0,1184.304,1103.5559999999998,Chhattisgarh,6179.0,135.93800000000002,2731.118
Chhattisgarh,Dakshin Bastar Dantewada,106545.0,3409.44,7671.240000000001,Chhattisgarh,31304.0,907.8159999999999,15589.392
Chhattisgarh,Bijapur,50449.0,2118.858,1362.123,Chhattisgarh,7942.0,246.202,2231.702
Chhattisgarh,Bijapur,50449.0,2118.858,1362.123,Karnataka,7942.0,230.31799999999998,4725.49
Chhattisgarh,Bijapur,50449.0,2118.858,1362.123,Chhattisgarh,131041.0,4062.271,36822.521
Chhattisgarh,Bijapur,50449.0,2118.858,1362.123,Karnataka,131041.0,3800.189,77969.39499999999
Karnataka,Bijapur,50449.0,3430.532,2522.4500000000003,Chhattisgarh,7942.0,246.202,2231.702
Karnataka,Bijapur,50449.0,3430.532,2522.4500000000003,Karnataka,7942.0,230.31799999999998,4725.49
Karnataka,Bijapur,50449.0,3430.532,2522.4500000000003,Chhattisgarh,131041.0,4062.271,36822.521
Karnataka,Bijapur,50449.0,3430.532,2522.4500000000003,Karnataka,131041.0,3800.189,77969.39499999999
Chhattisgarh,Bijapur,396449.0,16650.858,10704.123000000001,Chhattisgarh,7942.0,246.202,2231.702
Chhattisgarh,Bijapur,396449.0,16650.858,10704.123000000001,Karnataka,7942.0,230.31799999999998,4725.49
Chhattisgarh,Bijapur,396449.0,16650.858,10704.123000000001,Chhattisgarh,131041.0,4062.271,36822.521
Chhattisgarh,Bijapur,396449.0,16650.858,10704.123000000001,Karnataka,131041.0,3800.189,77969.39499999999
Karnataka,Bijapur,396449.0,26958.532000000003,19822.45,Chhattisgarh,7942.0,246.202,2231.702
Karnataka,Bijapur,396449.0,26958.532000000003,19822.45,Karnataka,7942.0,230.31799999999998,4725.49
Karnataka,Bijapur,396449.0,26958.532000000003,19822.45,Chhattisgarh,131041.0,4062.271,36822.521
Karnataka,Bijapur,396449.0,26958.532000000003,19822.45,Karnataka,131041.0,3800.189,77969.39499999999
Madhya Pradesh,Sheopur,150146.0,7957.737999999999,8708.467999999999,Madhya Pradesh,26376.0,844.032,15087.072000000002
Madhya Pradesh,Morena,319298.0,16603.496000000003,21392.966,Madhya Pradesh,95288.0,2001.0480000000002,70322.544
Madhya Pradesh,Bhind,271211.0,12475.706,25222.623000000003,Madhya Pradesh,88385.0,2209.625,59483.104999999996
Madhya Pradesh,Gwalior,172720.0,7772.4,29880.56,Madhya Pradesh,272172.0,5443.4400000000005,236789.63999999998
Madhya Pradesh,Datia,160453.0,4332.231000000001,18131.189000000002,Madhya Pradesh,43401.0,1302.03,27386.031
Madhya Pradesh,Shivpuri,367859.0,15450.078000000001,20600.104,Madhya Pradesh,66759.0,1869.2519999999997,43860.663
Madhya Pradesh,Tikamgarh,322772.0,9360.387999999999,12588.108,Madhya Pradesh,60220.0,1625.9400000000003,27219.440000000002
Madhya Pradesh,Chhatarpur,375869.0,9772.594000000001,19545.188000000002,Madhya Pradesh,95048.0,1520.768,55032.791999999994
Madhya Pradesh,Panna,256744.0,7702.32,12837.2,Madhya Pradesh,32179.0,740.117,17312.301999999996
Madhya Pradesh,Sagar,448408.0,21075.176,50221.695999999996,Madhya Pradesh,165507.0,4137.675,107083.02900000001
Madhya Pradesh,Damoh,303387.0,15169.35,17899.833000000002,Madhya Pradesh,66514.0,1928.906,37380.868
Madhya Pradesh,Satna,461831.0,10160.282000000001,105297.46800000001,Madhya Pradesh,114173.0,2625.979,69074.665
Madhya Pradesh,Rewa,523910.0,11002.11,93255.98000000001,Madhya Pradesh,94489.0,2267.736,56220.954999999994
Madhya Pradesh,Umaria,138100.0,5800.200000000001,8009.799999999999,Madhya Pradesh,29966.0,629.2860000000001,16541.232
Madhya Pradesh,Neemuch,174235.0,4878.58,22999.02,Madhya Pradesh,67962.0,951.4679999999998,43223.832
Madhya Pradesh,Mandsaur,302287.0,6952.601,40204.171,Madhya Pradesh,81832.0,1391.144,55809.424000000006
Madhya Pradesh,Ratlam,266716.0,9335.060000000001,35739.944,Madhya Pradesh,107151.0,1500.1139999999998,88721.02799999999
Madhya Pradesh,Ujjain,300765.0,11429.07,53836.935,Madhya Pradesh,188684.0,3584.996,157739.824
Madhya Pradesh,Shajapur,312611.0,13754.884000000002,41889.874,Madhya Pradesh,73997.0,1775.928,49355.999
Madhya Pradesh,Dewas,274995.0,17049.69,59673.915,Madhya Pradesh,101014.0,2626.364,78083.822
Madhya Pradesh,Dhar,412348.0,19380.356,79170.816,Madhya Pradesh,103364.0,3100.92,78970.096
Madhya Pradesh,Indore,200371.0,9217.066,83153.965,Madhya Pradesh,587947.0,15874.569000000001,530916.1410000001
Madhya Pradesh,Khargone (West Nimar),383543.0,24163.209,49860.590000000004,Madhya Pradesh,76620.0,2451.84,56545.56
Madhya Pradesh,Barwani,250358.0,13018.616000000002,25786.874000000003,Madhya Pradesh,48912.0,2005.3919999999998,32330.831999999995
Madhya Pradesh,Rajgarh,331894.0,21573.11,25887.732,Madhya Pradesh,69823.0,2234.3360000000002,42592.03
Madhya Pradesh,Vidisha,292579.0,8777.369999999999,33646.585,Madhya Pradesh,83830.0,1760.43,59938.45
Madhya Pradesh,Bhopal,118893.0,5112.398999999999,25561.995,Madhya Pradesh,581826.0,15127.476,488152.014
Madhya Pradesh,Sehore,270427.0,17848.182,58682.659,Madhya Pradesh,59220.0,1480.5,46843.02
Madhya Pradesh,Raisen,251272.0,18091.584000000003,46485.32,Madhya Pradesh,74441.0,2977.64,53597.52
Madhya Pradesh,Betul,318945.0,15309.36,41143.905,Madhya Pradesh,87704.0,2631.12,62796.064
Madhya Pradesh,Harda,112714.0,8678.978,43169.46199999999,Madhya Pradesh,31845.0,1401.18,25253.085
Madhya Pradesh,Hoshangabad,209650.0,21384.3,70861.7,Madhya Pradesh,105746.0,3595.364,85231.276
Madhya Pradesh,Katni,276151.0,12150.644000000002,23748.985999999997,Madhya Pradesh,72880.0,1749.1200000000001,47955.03999999999
Madhya Pradesh,Jabalpur,272284.0,15520.188,72972.11200000001,Madhya Pradesh,352477.0,10221.832999999999,282686.554
Madhya Pradesh,Narsimhapur,230659.0,22604.582000000002,63431.225000000006,Madhya Pradesh,53059.0,3130.481,38096.362
Madhya Pradesh,Dindori,218021.0,5886.567000000001,8066.777000000001,Madhya Pradesh,9774.0,537.57,5405.021999999999
Madhya Pradesh,Mandla,279674.0,12025.981999999998,18738.158,Madhya Pradesh,37258.0,1490.32,24254.957999999995
Madhya Pradesh,Chhindwara,413142.0,21070.242,50816.46600000001,Madhya Pradesh,140802.0,5209.674000000001,93351.726
Madhya Pradesh,Seoni,335045.0,16417.205,50926.84,Madhya Pradesh,47542.0,1663.9700000000003,35133.53800000001
Madhya Pradesh,Balaghat,400074.0,21603.996000000003,46808.657999999996,Madhya Pradesh,70793.0,2406.962,44670.383
Madhya Pradesh,Guna,212765.0,6170.1849999999995,15744.610000000002,Madhya Pradesh,72320.0,2386.56,43102.72
Madhya Pradesh,Ashoknagar,169606.0,4579.362000000001,11872.420000000002,Madhya Pradesh,37135.0,631.2950000000001,20907.004999999997
Madhya Pradesh,Shahdol,233594.0,6774.226,17753.144,Madhya Pradesh,57846.0,1561.842,36847.902
Madhya Pradesh,Anuppur,,,,Madhya Pradesh,,,
Madhya Pradesh,Sidhi,250953.0,4768.107,10289.072999999999,Madhya Pradesh,25916.0,388.74,12698.84
Madhya Pradesh,Singrauli,228732.0,4345.907999999999,5032.104,Madhya Pradesh,58593.0,1523.4180000000001,30526.953
Madhya Pradesh,Jhabua,211080.0,10765.08,12242.64,Madhya Pradesh,24713.0,444.83400000000006,18979.584
Madhya Pradesh,Alirajpur,135866.0,5434.64,6793.3,Madhya Pradesh,14662.0,381.21200000000005,11040.486
Madhya Pradesh,Khandwa (East Nimar),265663.0,21253.04,46225.361999999994,Madhya Pradesh,63425.0,2790.7000000000003,43953.524999999994
Madhya Pradesh,Burhanpur,115979.0,7422.656,21456.114999999998,Madhya Pradesh,62861.0,2451.579,43122.64599999999
Gujarat,Kachchh,488293.0,5371.223000000001,240240.15600000002,Gujarat,250982.0,2509.82,220613.178
Gujarat,Banas Kantha,666773.0,26670.920000000002,114018.183,Gujarat,137424.0,2061.36,107190.72
Gujarat,Patan,301483.0,11456.354,108232.397,Gujarat,102655.0,1539.825,84587.72
Gujarat,Mahesana,476005.0,12376.130000000001,211346.22,Gujarat,183738.0,2388.594,156177.3
Gujarat,Sabar Kantha,544024.0,11424.504,169191.464,Gujarat,121509.0,1944.144,93197.403
Gujarat,Gandhinagar,237624.0,5465.352,101703.072,Gujarat,195634.0,2543.242,158072.272
Gujarat,Ahmadabad,353169.0,7063.38,116192.60099999998,Gujarat,1845383.0,11072.298,1699597.7429999998
Gujarat,Surendranagar,340788.0,7838.124,70883.90400000001,Gujarat,159810.0,2237.3399999999997,111867.0
Gujarat,Rajkot,459474.0,6892.11,202168.56,Gujarat,721532.0,7936.852000000001,624125.18
Gujarat,Jamnagar,347158.0,5554.528,120810.984,Gujarat,299167.0,2991.67,250701.946
Gujarat,Porbandar,96015.0,2208.345,37541.865,Gujarat,87557.0,1138.2410000000002,67769.118
Gujarat,Junagadh,489237.0,8317.029,225049.02000000002,Gujarat,287506.0,4025.0839999999994,246392.642
Gujarat,Amreli,313714.0,5333.138000000001,163444.994,Gujarat,116899.0,1168.99,91648.816
Gujarat,Bhavnagar,387251.0,5808.764999999999,124307.571,Gujarat,356826.0,3925.0860000000002,291170.016
Gujarat,Anand,413078.0,8674.638,170601.21399999998,Gujarat,208909.0,2715.8170000000005,173394.47
Gujarat,Kheda,461479.0,11536.975,117215.666,Gujarat,160547.0,2408.205,126029.395
Gujarat,Panch Mahals,463363.0,12047.438000000002,78771.71,Gujarat,104238.0,1146.6180000000002,87664.158
Gujarat,Dohad,323697.0,6797.637000000001,19745.517,Gujarat,52807.0,580.8770000000001,37915.426
Gujarat,Vadodara,547454.0,10949.08,156024.38999999998,Gujarat,692971.0,5543.768,636840.349
Gujarat,Narmada,138121.0,1795.573,22099.36,Gujarat,22248.0,422.712,16619.256
Gujarat,Bharuch,300677.0,4510.155,137710.066,Gujarat,181319.0,1087.914,162099.18600000002
Gujarat,The Dangs,52102.0,573.1220000000001,13181.806,Gujarat,7516.0,52.611999999999995,4344.248
Gujarat,Navsari,267739.0,3748.3459999999995,119143.855,Gujarat,141417.0,1272.7530000000002,121194.36899999999
Gujarat,Valsad,262410.0,3411.3300000000004,72425.16,Gujarat,235981.0,2123.829,179345.56
Gujarat,Surat,369840.0,4438.08,184550.16,Gujarat,1529998.0,7649.99,1435138.1239999998
Gujarat,Tapi,192272.0,1922.72,44222.560000000005,Gujarat,26217.0,209.73600000000002,20318.175
Daman and Diu,Diu,9788.0,29.364,4238.204,Daman and Diu,9062.0,18.124,6769.314
Daman and Diu,Daman,10006.0,90.05400000000002,5733.437999999999,Daman and Diu,61073.0,366.438,53011.364
,Dadra AND Nagar Haveli,48221.0,,,,60562.0,,
Maharashtra,Nandurbar,333440.0,13004.16,74357.12,Maharashtra,71572.0,2361.876,45448.22
Maharashtra,Dhule,382777.0,13014.418000000001,71579.299,Maharashtra,146013.0,2336.208,95346.489
Maharashtra,Jalgaon,796223.0,43792.265,179946.39800000002,Maharashtra,373565.0,6350.6050000000005,242443.685
Maharashtra,Buldana,575405.0,38552.135,167442.855,Maharashtra,152787.0,5347.545,93047.283
Maharashtra,Akola,308158.0,21879.217999999997,95220.822,Maharashtra,196077.0,7254.849000000001,141763.671
Maharashtra,Washim,274925.0,18419.975000000002,75604.375,Maharashtra,55921.0,1453.9460000000001,37634.833
Maharashtra,Amravati,508921.0,33588.786,209166.53100000002,Maharashtra,272894.0,7913.9259999999995,214494.68399999998
Maharashtra,Wardha,268486.0,25506.170000000002,126725.392,Maharashtra,120218.0,4448.066000000001,94250.912
Maharashtra,Nagpur,430844.0,35760.052,198619.084,Maharashtra,877522.0,24570.615999999998,789769.8
Maharashtra,Bhandara,283843.0,22991.283,158384.39399999997,Maharashtra,72575.0,2467.55,61180.725
Maharashtra,Gondiya,319702.0,16624.504,151858.44999999998,Maharashtra,66813.0,2204.829,51646.449
Maharashtra,Gadchiroli,293586.0,25541.982,65176.092000000004,Maharashtra,37254.0,1490.16,24550.386000000002
Maharashtra,Chandrapur,451324.0,50548.28799999999,131335.284,Maharashtra,233331.0,7933.254000000001,167298.32700000002
Maharashtra,Yavatmal,629243.0,50968.683000000005,137174.974,Maharashtra,168889.0,6586.671,115182.29800000001
Maharashtra,Nanded,591119.0,46107.282,113494.848,Maharashtra,230563.0,9222.52,168772.116
Maharashtra,Hingoli,242456.0,14547.359999999999,65220.66399999999,Maharashtra,41913.0,1299.3029999999999,27536.841
Maharashtra,Parbhani,293480.0,24358.84,39032.840000000004,Maharashtra,133759.0,5885.396000000001,89484.77100000001
Maharashtra,Jalna,404746.0,27927.474000000002,118185.832,Maharashtra,98084.0,3040.604,68854.96800000001
Maharashtra,Nashik,904661.0,50661.015999999996,265065.673,Maharashtra,764271.0,19106.775,528111.2609999999
Maharashtra,Thane,713994.0,41411.651999999995,283455.618,Maharashtra,2904157.0,31945.727000000003,2163596.965
,Mumbai Suburban,0.0,,,Maharashtra,3078829.0,43103.60599999999,1684119.4630000002
,Mumbai,0.0,,,Maharashtra,1107321.0,16609.815,741905.0700000001
Maharashtra,Pune,1165718.0,57120.182,720413.724,Maharashtra,2056739.0,26737.607000000004,1655674.895
Maharashtra,Ahmadnagar,1041393.0,77063.08200000001,407184.663,Maharashtra,282011.0,7050.275000000001,207560.096
Maharashtra,Bid,563114.0,45049.12,86719.556,Maharashtra,135457.0,3928.2529999999997,93600.787
Maharashtra,Latur,428616.0,24431.112,106296.768,Maharashtra,157016.0,4082.416,122315.464
Maharashtra,Osmanabad,367158.0,22763.796,81509.076,Maharashtra,77832.0,2179.296,44986.89599999999
Maharashtra,Solapur,779929.0,60834.462,250357.209,Maharashtra,376302.0,7149.737999999999,229167.918
Maharashtra,Satara,774522.0,41049.666,542939.922,Maharashtra,200949.0,5425.6230000000005,151515.546
Maharashtra,Ratnagiri,538538.0,22080.057999999997,361897.536,Maharashtra,100824.0,1915.656,82675.68
Maharashtra,Sindhudurg,295847.0,13608.962,220110.16800000003,Maharashtra,44989.0,1349.6699999999998,39050.452
Maharashtra,Kolhapur,796496.0,15929.92,592593.0240000001,Maharashtra,382818.0,4593.816,285965.046
Maharashtra,Sangli,626872.0,31970.471999999998,379257.56,Maharashtra,226801.0,5443.224,175997.57599999997
Andhra Pradesh,Adilabad,597466.0,38835.29,82450.308,Andhra Pradesh,220248.0,6166.9439999999995,155715.336
Andhra Pradesh,Nizamabad,565165.0,24302.094999999998,166158.50999999998,Andhra Pradesh,155133.0,3412.9260000000004,132638.715
Andhra Pradesh,Karimnagar,877236.0,44739.036,300014.712,Andhra Pradesh,288044.0,5184.792,243109.13600000003
Andhra Pradesh,Medak,593653.0,26120.732000000004,188781.654,Andhra Pradesh,195479.0,2345.748,165375.234
,Hyderabad,0.0,,,Andhra Pradesh,1066289.0,9596.601,1050294.665
Andhra Pradesh,Rangareddy,432098.0,9506.156,187962.63,Andhra Pradesh,1129224.0,7904.567999999999,1084055.04
Andhra Pradesh,Mahbubnagar,848963.0,52635.706,151964.377,Andhra Pradesh,161052.0,2737.884,125781.612
Andhra Pradesh,Nalgonda,833504.0,49176.736000000004,265887.776,Andhra Pradesh,197433.0,3356.3610000000003,160315.59600000002
Andhra Pradesh,Warangal,758738.0,64492.73,225345.186,Andhra Pradesh,288249.0,8359.221,237517.176
Andhra Pradesh,Khammam,669262.0,34801.624,250303.988,Andhra Pradesh,201363.0,4429.986000000001,171964.002
Andhra Pradesh,Srikakulam,752752.0,26346.320000000003,96352.25600000001,Andhra Pradesh,149684.0,2544.628,98641.75600000001
Andhra Pradesh,Vizianagaram,592458.0,19551.114,63393.006,Andhra Pradesh,157056.0,2984.064,104285.18400000001
Andhra Pradesh,Visakhapatnam,718847.0,23003.104,153833.258,Andhra Pradesh,660493.0,7265.423000000001,551511.655
Andhra Pradesh,East Godavari,1199479.0,46779.681,563755.13,Andhra Pradesh,406362.0,6908.154,354754.026
Andhra Pradesh,West Godavari,1007255.0,48348.24,593273.195,Andhra Pradesh,248373.0,5464.206,220306.851
Andhra Pradesh,Krishna,909292.0,40008.848000000005,511022.10400000005,Andhra Pradesh,567042.0,9639.714,527349.06
Andhra Pradesh,Guntur,1069877.0,44934.834,497492.80500000005,Andhra Pradesh,513113.0,9749.146999999999,442816.519
Andhra Pradesh,Prakasam,873486.0,36686.412000000004,244576.08000000002,Andhra Pradesh,214089.0,4281.78,165704.886
Andhra Pradesh,Sri Potti Sriramulu Nellore,689137.0,29632.890999999996,175729.935,Andhra Pradesh,264376.0,5023.144,208328.28799999997
Andhra Pradesh,Y.S.R.,590589.0,15355.314000000002,167727.27599999998,Andhra Pradesh,293504.0,3228.5440000000003,232161.664
Andhra Pradesh,Kurnool,783853.0,25867.149,216343.428,Andhra Pradesh,306982.0,4297.748,223175.914
Andhra Pradesh,Anantapur,902997.0,26186.912999999997,198659.34,Andhra Pradesh,341431.0,4438.603,260170.422
Andhra Pradesh,Chittoor,,,,Andhra Pradesh,395900.0,4750.8,322658.5
Karnataka,Belgaum,962777.0,45250.519,178113.745,Karnataka,356198.0,6767.762,257887.35200000004
Karnataka,Bagalkot,324799.0,16889.548000000003,23385.528000000002,Karnataka,165858.0,6136.746000000001,70489.65
Karnataka,Bidar,287134.0,14356.7,25267.792,Karnataka,102269.0,3068.0699999999997,69645.189
Karnataka,Raichur,330446.0,23461.665999999997,33044.6,Karnataka,125402.0,4514.472000000001,63202.608
Karnataka,Koppal,272968.0,14194.336000000001,32756.16,Karnataka,64681.0,2393.197,31305.604
Karnataka,Gadag,180066.0,9183.366,16566.072,Karnataka,111906.0,3804.804,47336.238
Karnataka,Dharwad,199707.0,7788.573,46132.317,Karnataka,283397.0,5667.9400000000005,232385.53999999998
Karnataka,Uttara Kannada,334281.0,21393.984,169146.18600000002,Karnataka,140511.0,4496.352,113251.866
Karnataka,Haveri,315076.0,15753.800000000001,88851.43199999999,Karnataka,98488.0,2856.1519999999996,68646.13600000001
Karnataka,Bellary,371604.0,20066.616,44964.083999999995,Karnataka,251876.0,7556.28,159941.26
Karnataka,Chitradurga,349704.0,20632.536,66793.464,Karnataka,97644.0,1952.88,72158.91600000001
Karnataka,Davanagere,354680.0,20571.44,105694.64,Karnataka,176011.0,4928.307999999999,142392.899
Karnataka,Shimoga,352444.0,25728.411999999997,217810.392,Karnataka,201662.0,6453.184,176857.574
Karnataka,Udupi,269817.0,11332.314,225567.012,Karnataka,115572.0,2427.012,110949.12
Karnataka,Chikmagalur,311660.0,17141.3,168608.06,Karnataka,80766.0,2342.214,72204.804
Karnataka,Tumkur,685443.0,39755.693999999996,125436.069,Karnataka,204799.0,5119.975,168959.175
Karnataka,Bangalore,300576.0,7514.400000000001,224830.848,Karnataka,2967384.0,32641.224000000002,2872427.712
Karnataka,Mandya,458867.0,20649.015,126188.42500000002,Karnataka,103435.0,3206.485,88850.66500000001
Karnataka,Hassan,496103.0,30758.386,132459.50100000002,Karnataka,132878.0,3189.072,119457.322
Karnataka,Dakshina Kannada,332919.0,12318.003000000002,293301.63899999997,Karnataka,317373.0,5077.968,309756.048
Karnataka,Kodagu,181182.0,8334.372,142771.416,Karnataka,31792.0,1017.344,30838.239999999998
Karnataka,Mysore,540596.0,28651.588,145960.92,Karnataka,380386.0,8368.492,358323.612
Karnataka,Chamarajanagar,262680.0,18387.600000000002,40452.72,Karnataka,57200.0,2574.0,36779.6
Karnataka,Gulbarga,400704.0,14826.048000000003,18031.68,Karnataka,199303.0,2989.545,135924.646
Karnataka,Yadgir,207787.0,11428.285,8934.840999999999,Karnataka,55208.0,1601.032,22193.616
Karnataka,Kolar,326567.0,16654.916999999998,83274.585,Karnataka,151042.0,2416.672,121135.68400000001
Karnataka,Chikkaballapura,315649.0,15466.801000000001,72599.27,Karnataka,94053.0,1504.848,79286.679
Karnataka,Bangalore Rural,231052.0,8548.924,174444.26,Karnataka,95410.0,1621.97,87109.32999999999
Karnataka,Ramanagara,266950.0,18152.600000000002,74746.0,Karnataka,84834.0,2714.688,75078.09
Goa,North Goa,115859.0,2085.4620000000004,79595.133,Goa,209230.0,2301.53,178473.19
Goa,South Goa,88620.0,1772.4,65401.56,Goa,162873.0,2443.095,138767.796
,Lakshadweep,5289.0,,,,15953.0,,
Kerala,Kasaragod,251641.0,19124.716,223457.208,Kerala,166164.0,4486.428000000001,160514.424
Kerala,Kannur,306288.0,18989.856,294955.344,Kerala,566191.0,11890.011,557698.135
Kerala,Wayanad,266183.0,23956.469999999998,244089.81100000002,Kerala,11805.0,649.275,11250.164999999999
Kerala,Kozhikode,323793.0,21370.338,314079.20999999996,Kerala,666543.0,23995.548000000003,654545.226
Kerala,Malappuram,634543.0,26650.806,612333.995,Kerala,522586.0,13064.650000000001,514747.21
Kerala,Palakkad,665899.0,35958.546,587322.918,Kerala,228442.0,7538.586,216791.458
Kerala,Thrissur,336748.0,17174.147999999997,326308.81200000003,Kerala,715119.0,29319.878999999997,702961.977
Kerala,Ernakulam,369694.0,18484.7,358233.48600000003,Kerala,804997.0,24954.907,791312.051
Kerala,Idukki,391610.0,32503.63,347358.07,Kerala,20823.0,291.522,20677.239
Kerala,Kottayam,481967.0,22170.482,462688.32,Kerala,196194.0,5101.044000000001,192662.508
Kerala,Alappuzha,331419.0,25519.263,301259.871,Kerala,392117.0,25487.605,371334.799
Kerala,Pathanamthitta,414992.0,20334.608,388847.504,Kerala,57848.0,1619.744,55534.079999999994
Kerala,Kollam,523715.0,39278.625,487054.95,Kerala,401415.0,22077.825,386964.06000000006
Kerala,Thiruvananthapuram,559293.0,57047.886,513990.26700000005,Kerala,609824.0,37199.263999999996,587260.512
Tamil Nadu,Thiruvallur,387237.0,12778.821,109588.07100000001,Tamil Nadu,732196.0,7321.96,650190.048
,Chennai,0.0,,,Tamil Nadu,1314125.0,11827.125000000002,1256303.5
Tamil Nadu,Kancheepuram,438799.0,10092.377,128568.10699999999,Tamil Nadu,774705.0,6197.64,663147.48
Tamil Nadu,Vellore,653499.0,15030.476999999999,125471.808,Tamil Nadu,486801.0,7302.014999999999,346602.31200000003
Tamil Nadu,Tiruvannamalai,563102.0,12951.346,70387.75,Tamil Nadu,147061.0,1911.7930000000001,95736.71099999998
Tamil Nadu,Viluppuram,808042.0,16160.84,106661.54400000001,Tamil Nadu,159272.0,2389.08,104482.43199999999
Tamil Nadu,Salem,572813.0,13174.699,83630.69799999999,Tamil Nadu,597539.0,7768.0070000000005,328048.91099999996
Tamil Nadu,Namakkal,370357.0,6666.426,115551.384,Tamil Nadu,257127.0,3085.524,140391.342
Tamil Nadu,Erode,411286.0,8225.72,138603.382,Tamil Nadu,432398.0,4756.378000000001,275869.924
Tamil Nadu,The Nilgiris,112126.0,2354.646,47429.297999999995,Tamil Nadu,151979.0,2887.601,89515.631
Tamil Nadu,Dindigul,443818.0,7988.724000000001,83881.60199999998,Tamil Nadu,269724.0,3776.1359999999995,154821.576
Tamil Nadu,Karur,212241.0,4669.302000000001,48815.43,Tamil Nadu,152420.0,1371.7800000000002,102273.81999999999
Tamil Nadu,Tiruchirappalli,452707.0,10864.968,108649.68,Tamil Nadu,423020.0,5076.24,313880.84
Tamil Nadu,Perambalur,155413.0,3419.0860000000002,24244.428,Tamil Nadu,33179.0,298.61100000000005,18314.808
Tamil Nadu,Ariyalur,223955.0,7614.47,31801.609999999997,Tamil Nadu,30322.0,606.44,15555.186
Tamil Nadu,Cuddalore,497429.0,11938.296,98988.37099999998,Tamil Nadu,260780.0,3911.7,178895.08
Tamil Nadu,Nagapattinam,399016.0,12768.512,124492.992,Tamil Nadu,118724.0,2849.376,82750.62800000001
Tamil Nadu,Thiruvarur,321331.0,13174.570999999998,101219.265,Tamil Nadu,86848.0,1476.4160000000002,63225.344
Tamil Nadu,Thanjavur,479070.0,21558.149999999998,137972.16,Tamil Nadu,274302.0,5486.04,205177.896
Tamil Nadu,Pudukkottai,399712.0,16787.904000000002,70749.02399999999,Tamil Nadu,104229.0,1667.664,72230.697
Tamil Nadu,Sivaganga,309224.0,9276.72,73904.536,Tamil Nadu,143193.0,2004.7019999999998,112406.505
Tamil Nadu,Madurai,417718.0,8772.078000000001,86467.62599999999,Tamil Nadu,592723.0,4741.784,502629.104
Tamil Nadu,Theni,189328.0,3975.8880000000004,46953.344,Tamil Nadu,221295.0,2876.835,115073.40000000001
Tamil Nadu,Virudhunagar,363782.0,6184.294000000001,53112.172,Tamil Nadu,370942.0,3338.4780000000005,173971.79799999998
Tamil Nadu,Ramanathapuram,290478.0,8714.34,65357.55,Tamil Nadu,126761.0,2028.176,89493.26599999999
Tamil Nadu,Thoothukkudi,336078.0,6721.56,94773.99599999998,Tamil Nadu,300661.0,3908.5930000000003,219783.191
Tamil Nadu,Tirunelveli,547962.0,8767.392,181923.38400000002,Tamil Nadu,516705.0,5683.755000000001,325007.445
Tamil Nadu,Kanniyakumari,104253.0,2814.831,86634.243,Tamil Nadu,493788.0,14813.64,436508.592
Tamil Nadu,Dharmapuri,396819.0,9920.475,42459.633,Tamil Nadu,91107.0,1457.712,53753.13
Tamil Nadu,Krishnagiri,437988.0,9635.736,84093.696,Tamil Nadu,142552.0,855.312,111618.21599999999
Tamil Nadu,Coimbatore,284795.0,4556.72,94836.73499999999,Tamil Nadu,884957.0,7079.656,689381.503
Tamil Nadu,Tiruppur,356886.0,6067.062000000001,110277.774,Tamil Nadu,538022.0,3766.1539999999995,403516.5
,Yanam,0.0,,,Puducherry,15519.0,108.633,12710.061000000002
,PONDICHERRY,87296.0,,,,203741.0,,
,Mahe,0.0,,,Puducherry,12110.0,133.21,11843.58
Puducherry,Karaikal,35618.0,747.9780000000001,16954.168,Puducherry,33715.0,404.58,25083.960000000003
Andaman and Nicobar Islands,Nicobars,15958.0,191.496,12910.022,,0.0,,
,North  AND Middle Andaman,39091.0,,,,1094.0,,
Andaman and Nicobar Islands,South Andaman,34901.0,1221.535,22580.947,Andaman and Nicobar Islands,50631.0,607.572,44454.018000000004
